{
    "wrt_gt": {
        "exact_match": 0.04,
        "f1_score": 0.13276050066948647,
        "rouge_scores": {
            "rouge1": 0.2978414130848302,
            "rouge2": 0.1115816182579231,
            "rougeL": 0.28419463834646363
        },
        "bleu_score": 0.03711969418375401,
        "sbert_similarity": 0.6027186036443533
    },
    "wrt_blackbox": {
        "exact_match": 0.0,
        "f1_score": 0.11232915285273429,
        "rouge_scores": {
            "rouge1": 0.3065516140819837,
            "rouge2": 0.14279625451150985,
            "rougeL": 0.29290427037074446
        },
        "bleu_score": 0.028400352446656178,
        "sbert_similarity": 0.6066407196557344
    }
}