{
    "wrt_gt": {
        "exact_match": 0.0,
        "f1_score": 0.0626908032545498,
        "rouge_scores": {
            "rouge1": 0.11050871871326466,
            "rouge2": 0.03864683971388165,
            "rougeL": 0.10163478787628949
        },
        "bleu_score": 0.006563902278279087,
        "sbert_similarity": 0.4312483360520517
    },
    "wrt_blackbox": {
        "exact_match": 0.0,
        "f1_score": 0.08514828225262834,
        "rouge_scores": {
            "rouge1": 0.14984857365170154,
            "rouge2": 0.06663057080725585,
            "rougeL": 0.13570499688877274
        },
        "bleu_score": 0.013015894934396796,
        "sbert_similarity": 0.4642395350818682
    }
}