{
    "wrt_gt": {
        "exact_match": 0.0,
        "f1_score": 0.1160459663762989,
        "rouge_scores": {
            "rouge1": 0.38100922902192147,
            "rouge2": 0.11994060742861419,
            "rougeL": 0.3483309967996691
        },
        "bleu_score": 0.01639779266715274,
        "sbert_similarity": 0.5453599390295363
    },
    "wrt_blackbox": {
        "exact_match": 0.0,
        "f1_score": 0.12107647306846149,
        "rouge_scores": {
            "rouge1": 0.23051488875566536,
            "rouge2": 0.08223161058476885,
            "rougeL": 0.19564497103263723
        },
        "bleu_score": 0.016597028839731173,
        "sbert_similarity": 0.48260922852824345
    }
}