{
    "wrt_gt": {
        "exact_match": 0.0,
        "f1_score": 0.04243996149719499,
        "rouge_scores": {
            "rouge1": 0.09816210170253271,
            "rouge2": 0.024888050161496332,
            "rougeL": 0.09101950556966024
        },
        "bleu_score": 0.00705901765055853,
        "sbert_similarity": 0.4562151480365444
    },
    "wrt_blackbox": {
        "exact_match": 0.0,
        "f1_score": 0.08076399934505968,
        "rouge_scores": {
            "rouge1": 0.10025010677592666,
            "rouge2": 0.04403934115983904,
            "rougeL": 0.07857747830760488
        },
        "bleu_score": 0.019049361398631965,
        "sbert_similarity": 0.5937679246873468
    }
}