{
    "wrt_gt": {
        "exact_match": 0.05,
        "f1_score": 0.11184771312132046,
        "rouge_scores": {
            "rouge1": 0.27653050610690405,
            "rouge2": 0.08585766011860814,
            "rougeL": 0.26978260694724016
        },
        "bleu_score": 0.018890210830921232,
        "sbert_similarity": 0.5955940071267612
    },
    "wrt_blackbox": {
        "exact_match": 0.01,
        "f1_score": 0.041106736752481485,
        "rouge_scores": {
            "rouge1": 0.10683764616723332,
            "rouge2": 0.03484701416832467,
            "rougeL": 0.09775980439853518
        },
        "bleu_score": 0.0055176450580153216,
        "sbert_similarity": 0.39594990690238774
    }
}