{
    "wrt_gt": {
        "exact_match": 0.0,
        "f1_score": 0.13039022065651149,
        "rouge_scores": {
            "rouge1": 0.29353656170263687,
            "rouge2": 0.0913193948674778,
            "rougeL": 0.2708378439930843
        },
        "bleu_score": 0.02692078225225242,
        "sbert_similarity": 0.5114194165002934
    },
    "wrt_blackbox": {
        "exact_match": 0.0,
        "f1_score": 0.12696592972449527,
        "rouge_scores": {
            "rouge1": 0.3725055361344577,
            "rouge2": 0.19834390860098775,
            "rougeL": 0.34153836753391353
        },
        "bleu_score": 0.022924283037723373,
        "sbert_similarity": 0.5510364748841646
    }
}