{
    "wrt_gt": {
        "exact_match": 0.0,
        "f1_score": 0.12225091793071767,
        "rouge_scores": {
            "rouge1": 0.36106363483022497,
            "rouge2": 0.12073397307822148,
            "rougeL": 0.33123306508365835
        },
        "bleu_score": 0.015317996576412259,
        "sbert_similarity": 0.5453342098970803
    },
    "wrt_blackbox": {
        "exact_match": 0.0,
        "f1_score": 0.13888900384291955,
        "rouge_scores": {
            "rouge1": 0.3355964902258968,
            "rouge2": 0.13136118998428523,
            "rougeL": 0.3082911435784091
        },
        "bleu_score": 0.027425550352110868,
        "sbert_similarity": 0.5259592979006014
    }
}