{
    "wrt_gt": {
        "exact_match": 0.0,
        "f1_score": 0.06573269321549452,
        "rouge_scores": {
            "rouge1": 0.08763850532439862,
            "rouge2": 0.02306748790050602,
            "rougeL": 0.06924762415523432
        },
        "bleu_score": 0.005074102481409396,
        "sbert_similarity": 0.4146168292625933
    },
    "wrt_blackbox": {
        "exact_match": 0.0,
        "f1_score": 0.24222596934227553,
        "rouge_scores": {
            "rouge1": 0.30352810786413403,
            "rouge2": 0.12534985696710044,
            "rougeL": 0.2087825784548115
        },
        "bleu_score": 0.054427385142454016,
        "sbert_similarity": 0.726670816137984
    }
}