{
    "wrt_gt": {
        "exact_match": 0.04,
        "f1_score": 0.07980143693421814,
        "rouge_scores": {
            "rouge1": 0.12443238531952128,
            "rouge2": 0.039449610678531706,
            "rougeL": 0.12005980378276064
        },
        "bleu_score": 0.014822340190726167,
        "sbert_similarity": 0.6027205426778112
    },
    "wrt_blackbox": {
        "exact_match": 0.0,
        "f1_score": 0.02845278933663778,
        "rouge_scores": {
            "rouge1": 0.03757928110027692,
            "rouge2": 0.015513634775581568,
            "rougeL": 0.03268473830409899
        },
        "bleu_score": 0.0019125532954844425,
        "sbert_similarity": 0.44135703312765273
    }
}