{
    "wrt_gt": {
        "exact_match": 0.0,
        "f1_score": 0.05491198705611862,
        "rouge_scores": {
            "rouge1": 0.09722980963290827,
            "rouge2": 0.03145360795675969,
            "rougeL": 0.09034602413588383
        },
        "bleu_score": 0.004715419422865266,
        "sbert_similarity": 0.39693305263239326
    },
    "wrt_blackbox": {
        "exact_match": 0.0,
        "f1_score": 0.08175119534030154,
        "rouge_scores": {
            "rouge1": 0.14602835337416933,
            "rouge2": 0.04732015756275429,
            "rougeL": 0.12339190931585103
        },
        "bleu_score": 0.010347156811242184,
        "sbert_similarity": 0.4252088407520205
    }
}