{
    "wrt_gt": {
        "exact_match": 0.0,
        "f1_score": 0.11453287780015992,
        "rouge_scores": {
            "rouge1": 0.24057050985331466,
            "rouge2": 0.062172999926703464,
            "rougeL": 0.21407190193882056
        },
        "bleu_score": 0.019115895947795013,
        "sbert_similarity": 0.47625789694412024
    },
    "wrt_blackbox": {
        "exact_match": 0.0,
        "f1_score": 0.12584905954609327,
        "rouge_scores": {
            "rouge1": 0.2615391186842652,
            "rouge2": 0.10792717875726926,
            "rougeL": 0.23487148114771578
        },
        "bleu_score": 0.029970915311167298,
        "sbert_similarity": 0.5020768084012124
    }
}