{
    "wrt_gt": {
        "exact_match": 0.0,
        "f1_score": 0.062219809393487306,
        "rouge_scores": {
            "rouge1": 0.10365732338117178,
            "rouge2": 0.026833117146231017,
            "rougeL": 0.09438612911470079
        },
        "bleu_score": 0.005048061209161822,
        "sbert_similarity": 0.4254638590294905
    },
    "wrt_blackbox": {
        "exact_match": 0.0,
        "f1_score": 0.07727668247843714,
        "rouge_scores": {
            "rouge1": 0.1355295405385687,
            "rouge2": 0.039903430723015915,
            "rougeL": 0.12122076861653225
        },
        "bleu_score": 0.006630670803381412,
        "sbert_similarity": 0.49129086311417397
    }
}