{
    "wrt_gt": {
        "exact_match": 0.02,
        "f1_score": 0.05655455766393134,
        "rouge_scores": {
            "rouge1": 0.10265168240839279,
            "rouge2": 0.04511118378465854,
            "rougeL": 0.10265168240839279
        },
        "bleu_score": 0.017808035283387803,
        "sbert_similarity": 0.556628854945302
    },
    "wrt_blackbox": {
        "exact_match": 0.0,
        "f1_score": 0.03995612275470051,
        "rouge_scores": {
            "rouge1": 0.053247271714930516,
            "rouge2": 0.024673945702639147,
            "rougeL": 0.043122525721291556
        },
        "bleu_score": 0.005092692915119499,
        "sbert_similarity": 0.5346596657608946
    }
}