{
    "Qwen/Qwen2.5-7B-Instruct": {
        "exact_match": 0.6109324758842444,
        "f1_score_token_agreement": 0.7213256814669966,
        "f1_score_ranking": 0.7135147401351846,
        "accuracy_ranking": 0.7202572347266881,
        "rouge_scores": {
            "rouge1": 0.7678554243775705,
            "rouge2": 0.6310007295618477,
            "rougeL": 0.7661277396781477
        },
        "bleu_score": 0.5124864325547814,
        "sbert_similarity": 0.8149439408069542
    },
    "meta-llama/Llama-3.1-8B-Instruct": {
        "exact_match": 0.07395498392282958,
        "f1_score_token_agreement": 0.5191323390389915,
        "f1_score_ranking": 0.5271230570383789,
        "accuracy_ranking": 0.5337620578778135,
        "rouge_scores": {
            "rouge1": 0.4700402819108499,
            "rouge2": 0.38230278732725664,
            "rougeL": 0.4655193761761179
        },
        "bleu_score": 0.3378329761893614,
        "sbert_similarity": 0.4080023910802373
    }
}