{
    "wrt_gt": {
        "exact_match": 0.0,
        "f1_score": 0.05910392701259784,
        "rouge_scores": {
            "rouge1": 0.10022676138234081,
            "rouge2": 0.027632885400171264,
            "rougeL": 0.09339359683473533
        },
        "bleu_score": 0.006831967154728319,
        "sbert_similarity": 0.4155418371409178
    },
    "wrt_blackbox": {
        "exact_match": 0.0,
        "f1_score": 0.074221335741088,
        "rouge_scores": {
            "rouge1": 0.12218850739490941,
            "rouge2": 0.04406157683284149,
            "rougeL": 0.11543136962628164
        },
        "bleu_score": 0.011113310766875535,
        "sbert_similarity": 0.45936411652714015
    }
}