{
    "wrt_gt": {
        "exact_match": 0.0,
        "f1_score": 0.06435748276382956,
        "rouge_scores": {
            "rouge1": 0.10863577180957316,
            "rouge2": 0.03658076692857764,
            "rougeL": 0.10272942851747523
        },
        "bleu_score": 0.004886963322893416,
        "sbert_similarity": 0.43049543103203175
    },
    "wrt_blackbox": {
        "exact_match": 0.0,
        "f1_score": 0.08289031296140069,
        "rouge_scores": {
            "rouge1": 0.14277419238090497,
            "rouge2": 0.04972892850500947,
            "rougeL": 0.13028270191363825
        },
        "bleu_score": 0.006765340032848652,
        "sbert_similarity": 0.4920257434993982
    }
}