{
    "wrt_gt": {
        "exact_match": 0.01,
        "f1_score": 0.11773078797233266,
        "rouge_scores": {
            "rouge1": 0.37891965292095414,
            "rouge2": 0.11899502833152704,
            "rougeL": 0.34615081825879623
        },
        "bleu_score": 0.02268397793534573,
        "sbert_similarity": 0.5506813969767216
    },
    "wrt_blackbox": {
        "exact_match": 0.01,
        "f1_score": 0.128179150960001,
        "rouge_scores": {
            "rouge1": 0.3715320533765895,
            "rouge2": 0.14038134952358405,
            "rougeL": 0.3426133765855496
        },
        "bleu_score": 0.029994036932046088,
        "sbert_similarity": 0.5424900412255403
    }
}