{
    "wrt_gt": {
        "exact_match": 0.08,
        "f1_score": 0.13499814225847612,
        "rouge_scores": {
            "rouge1": 0.23536771694204808,
            "rouge2": 0.07564341389503751,
            "rougeL": 0.22515015185399737
        },
        "bleu_score": 0.03434150358852575,
        "sbert_similarity": 0.5991511522677907
    },
    "wrt_blackbox": {
        "exact_match": 0.0,
        "f1_score": 0.08509525688786851,
        "rouge_scores": {
            "rouge1": 0.11596843253639089,
            "rouge2": 0.054828058362618906,
            "rougeL": 0.09856925861015599
        },
        "bleu_score": 0.015867097248158588,
        "sbert_similarity": 0.5298029278454027
    }
}