{
    "wrt_gt": {
        "exact_match": 0.05,
        "f1_score": 0.0852287883014,
        "rouge_scores": {
            "rouge1": 0.23979425633162488,
            "rouge2": 0.04307888463248237,
            "rougeL": 0.23241856099572417
        },
        "bleu_score": 0.013324764685145277,
        "sbert_similarity": 0.5781426579277549
    },
    "wrt_blackbox": {
        "exact_match": 0.03,
        "f1_score": 0.029358679655681622,
        "rouge_scores": {
            "rouge1": 0.08921377300937702,
            "rouge2": 0.020691985305143202,
            "rougeL": 0.0773743188546436
        },
        "bleu_score": 0.002047308907098324,
        "sbert_similarity": 0.38328479891115763
    }
}