{
    "wrt_gt": {
        "exact_match": 0.02,
        "f1_score": 0.11630668826803081,
        "rouge_scores": {
            "rouge1": 0.29004373377433745,
            "rouge2": 0.10629350664297388,
            "rougeL": 0.27914919559963236
        },
        "bleu_score": 0.03176676790517381,
        "sbert_similarity": 0.5861925858059036
    },
    "wrt_blackbox": {
        "exact_match": 0.0,
        "f1_score": 0.10533454616738742,
        "rouge_scores": {
            "rouge1": 0.30735388407004843,
            "rouge2": 0.14054878976764193,
            "rougeL": 0.2910565319685835
        },
        "bleu_score": 0.022427591730206337,
        "sbert_similarity": 0.5936335926291658
    }
}