{
    "wrt_gt": {
        "exact_match": 0.0,
        "f1_score": 0.0930094913418567,
        "rouge_scores": {
            "rouge1": 0.1656635776318428,
            "rouge2": 0.06124554056802022,
            "rougeL": 0.1529882106689845
        },
        "bleu_score": 0.011921856306407628,
        "sbert_similarity": 0.45827827525485043
    },
    "wrt_blackbox": {
        "exact_match": 0.0,
        "f1_score": 0.10923309915885165,
        "rouge_scores": {
            "rouge1": 0.1823739791397852,
            "rouge2": 0.07283899890168152,
            "rougeL": 0.1689822099722983
        },
        "bleu_score": 0.01921917551536031,
        "sbert_similarity": 0.487678162753582
    }
}