{
    "wrt_gt": {
        "exact_match": 0.0,
        "f1_score": 0.09817977145324029,
        "rouge_scores": {
            "rouge1": 0.17222229125502678,
            "rouge2": 0.07400418775566844,
            "rougeL": 0.16015526786268203
        },
        "bleu_score": 0.0146812000234456,
        "sbert_similarity": 0.4360889776423573
    },
    "wrt_blackbox": {
        "exact_match": 0.0,
        "f1_score": 0.12132828415224607,
        "rouge_scores": {
            "rouge1": 0.22382540912189947,
            "rouge2": 0.09307321327374454,
            "rougeL": 0.20301102762636752
        },
        "bleu_score": 0.018943052038481466,
        "sbert_similarity": 0.501018059104681
    }
}