{
    "wrt_gt": {
        "exact_match": 0.0,
        "f1_score": 0.07862865914012493,
        "rouge_scores": {
            "rouge1": 0.107577238428361,
            "rouge2": 0.03293325644812881,
            "rougeL": 0.08908864103362796
        },
        "bleu_score": 0.010780714431848573,
        "sbert_similarity": 0.4210761713071002
    },
    "wrt_blackbox": {
        "exact_match": 0.0,
        "f1_score": 0.24616199725955978,
        "rouge_scores": {
            "rouge1": 0.3170520229469503,
            "rouge2": 0.14066333135166112,
            "rougeL": 0.21835782827746716
        },
        "bleu_score": 0.058051093616407014,
        "sbert_similarity": 0.687757510236568
    }
}