{
    "wrt_gt": {
        "exact_match": 0.0,
        "f1_score": 0.058150277098547566,
        "rouge_scores": {
            "rouge1": 0.07579361129904466,
            "rouge2": 0.018982550938908545,
            "rougeL": 0.06204790229606898
        },
        "bleu_score": 0.0047467955208143515,
        "sbert_similarity": 0.40959518493430036
    },
    "wrt_blackbox": {
        "exact_match": 0.0,
        "f1_score": 0.23974161648647166,
        "rouge_scores": {
            "rouge1": 0.29745140218597327,
            "rouge2": 0.1263952192784773,
            "rougeL": 0.21252966550463584
        },
        "bleu_score": 0.05345736282078499,
        "sbert_similarity": 0.7135383986138009
    }
}