{
    "wrt_gt": {
        "exact_match": 0.0,
        "f1_score": 0.12921215146323667,
        "rouge_scores": {
            "rouge1": 0.2891161927953713,
            "rouge2": 0.0894820851962344,
            "rougeL": 0.26182492992504597
        },
        "bleu_score": 0.028244046815039236,
        "sbert_similarity": 0.5014808218211236
    },
    "wrt_blackbox": {
        "exact_match": 0.0,
        "f1_score": 0.145787026309884,
        "rouge_scores": {
            "rouge1": 0.3273628016586412,
            "rouge2": 0.13355963625604098,
            "rougeL": 0.3005921891403771
        },
        "bleu_score": 0.03713531640402598,
        "sbert_similarity": 0.529934994537722
    }
}