{
    "wrt_gt": {
        "exact_match": 0.0,
        "f1_score": 0.13571790879623077,
        "rouge_scores": {
            "rouge1": 0.2837426221221808,
            "rouge2": 0.09301787941779974,
            "rougeL": 0.2587390488852151
        },
        "bleu_score": 0.025049704646798385,
        "sbert_similarity": 0.49621571730257885
    },
    "wrt_blackbox": {
        "exact_match": 0.0,
        "f1_score": 0.13720568080398715,
        "rouge_scores": {
            "rouge1": 0.3698083853452371,
            "rouge2": 0.17550390124835333,
            "rougeL": 0.33917542416084123
        },
        "bleu_score": 0.023857586656952822,
        "sbert_similarity": 0.5636610004185426
    }
}