{
    "wrt_gt": {
        "exact_match": 0.0,
        "f1_score": 0.06475895752373544,
        "rouge_scores": {
            "rouge1": 0.08832258584313904,
            "rouge2": 0.02723422452146297,
            "rougeL": 0.07594480357809624
        },
        "bleu_score": 0.005627851026445993,
        "sbert_similarity": 0.43221125578586483
    },
    "wrt_blackbox": {
        "exact_match": 0.0,
        "f1_score": 0.24583298285292676,
        "rouge_scores": {
            "rouge1": 0.2976372110050138,
            "rouge2": 0.13751541797653763,
            "rougeL": 0.2133762199756439
        },
        "bleu_score": 0.06204276111638647,
        "sbert_similarity": 0.727017406426685
    }
}