{
    "wrt_gt": {
        "exact_match": 0.0,
        "f1_score": 0.07884761312258969,
        "rouge_scores": {
            "rouge1": 0.13923469160018706,
            "rouge2": 0.05570662823973235,
            "rougeL": 0.12868125446314602
        },
        "bleu_score": 0.008695014678456951,
        "sbert_similarity": 0.41704254954902814
    },
    "wrt_blackbox": {
        "exact_match": 0.0,
        "f1_score": 0.11000645166250202,
        "rouge_scores": {
            "rouge1": 0.16149940773971344,
            "rouge2": 0.05259303503285423,
            "rougeL": 0.1373367106567417
        },
        "bleu_score": 0.013296700132653676,
        "sbert_similarity": 0.43146064226564607
    }
}