{
    "wrt_gt": {
        "exact_match": 0.0,
        "f1_score": 0.25338679192674,
        "rouge_scores": {
            "rouge1": 0.31251293142900816,
            "rouge2": 0.13862735252597638,
            "rougeL": 0.30229070920678597
        },
        "bleu_score": 0.0779327213194609,
        "sbert_similarity": 0.36190517703071234
    },
    "wrt_blackbox": {
        "exact_match": 0.0,
        "f1_score": 0.14914559002758998,
        "rouge_scores": {
            "rouge1": 0.2873636399551509,
            "rouge2": 0.10637970759416443,
            "rougeL": 0.2673553465620044
        },
        "bleu_score": 0.04286671513279579,
        "sbert_similarity": 0.33372712049633263
    }
}