{
    "wrt_gt": {
        "exact_match": 0.0,
        "f1_score": 0.06965888976997596,
        "rouge_scores": {
            "rouge1": 0.09782804920042489,
            "rouge2": 0.028237636678886124,
            "rougeL": 0.08721714611130223
        },
        "bleu_score": 0.006675464406354097,
        "sbert_similarity": 0.4330661552233828
    },
    "wrt_blackbox": {
        "exact_match": 0.0,
        "f1_score": 0.2350303407346993,
        "rouge_scores": {
            "rouge1": 0.3034235395195061,
            "rouge2": 0.13135254028022497,
            "rougeL": 0.21922587616764388
        },
        "bleu_score": 0.05219076015619167,
        "sbert_similarity": 0.666281656589773
    }
}