{
    "wrt_gt": {
        "exact_match": 0.0,
        "f1_score": 0.057325221738659164,
        "rouge_scores": {
            "rouge1": 0.08617265218700497,
            "rouge2": 0.027130612647527263,
            "rougeL": 0.07963000198967154
        },
        "bleu_score": 0.005540861773644248,
        "sbert_similarity": 0.3850796112903591
    },
    "wrt_blackbox": {
        "exact_match": 0.0,
        "f1_score": 0.08246724351897684,
        "rouge_scores": {
            "rouge1": 0.13019656797229434,
            "rouge2": 0.04559452323779101,
            "rougeL": 0.11251518868876467
        },
        "bleu_score": 0.009794406002452065,
        "sbert_similarity": 0.3953276418541607
    }
}