{
    "wrt_gt": {
        "exact_match": 0.0,
        "f1_score": 0.09834626129843495,
        "rouge_scores": {
            "rouge1": 0.3300848490092452,
            "rouge2": 0.09320391727787598,
            "rougeL": 0.29878165730537004
        },
        "bleu_score": 0.012399544560665816,
        "sbert_similarity": 0.5251165868977856
    },
    "wrt_blackbox": {
        "exact_match": 0.0,
        "f1_score": 0.10728253740882943,
        "rouge_scores": {
            "rouge1": 0.19485431751861312,
            "rouge2": 0.060197341193778585,
            "rougeL": 0.1649226016142249
        },
        "bleu_score": 0.012972511183841589,
        "sbert_similarity": 0.42646065977843184
    }
}