{
    "wrt_gt": {
        "exact_match": 0.0,
        "f1_score": 0.049219039559668436,
        "rouge_scores": {
            "rouge1": 0.08960539198175824,
            "rouge2": 0.03253186840589405,
            "rougeL": 0.08220380446706878
        },
        "bleu_score": 0.008020036307370497,
        "sbert_similarity": 0.4636237216847284
    },
    "wrt_blackbox": {
        "exact_match": 0.0,
        "f1_score": 0.08887426033137685,
        "rouge_scores": {
            "rouge1": 0.10919261784107423,
            "rouge2": 0.045699293647403466,
            "rougeL": 0.08055982997589213
        },
        "bleu_score": 0.017398494088567366,
        "sbert_similarity": 0.6183271341025829
    }
}