{
    "wrt_gt": {
        "exact_match": 0.0,
        "f1_score": 0.06747163626662452,
        "rouge_scores": {
            "rouge1": 0.17557127561230426,
            "rouge2": 0.049542476898302004,
            "rougeL": 0.15557264040242816
        },
        "bleu_score": 0.0071708246434354465,
        "sbert_similarity": 0.4749004815745613
    },
    "wrt_blackbox": {
        "exact_match": 0.0,
        "f1_score": 0.13156872658681473,
        "rouge_scores": {
            "rouge1": 0.18940245107320874,
            "rouge2": 0.07634213274572871,
            "rougeL": 0.1386042978894178
        },
        "bleu_score": 0.024336878227861746,
        "sbert_similarity": 0.6093530555566152
    }
}